image,caption_number,caption,id
542714962.jpg,0,Một trò chơi bóng chuyền đang diễn ra và một người đàn ông đang nhảy cao để làm tường chắn bóng,26974
542714962.jpg,1,Một số thanh niên đang chơi bóng chuyền trên cát,26974
542714962.jpg,2,Một nhóm thanh niên đang chơi bóng chuyền trên bãi biển bên cạnh thành phố,26974
542714962.jpg,3,Những người đàn ông đang chơi bóng chuyền giữa trời nắng trên cát,26974
542714962.jpg,4,Một vài người đàn ông đang chơi bóng chuyền với một số người xem xung quanh,26974
5610848512.jpg,0,Một người đàn ông tóc đen nhảy lên không trung để đánh bóng trong một trận đấu bóng chuyền,27310
5610848512.jpg,1,Một người đàn ông đang đánh một quả bóng chuyền ở giữa không trung,27310
5610848512.jpg,2,Một anh chàng mặc quần short màu xám đang đánh một quả bóng chuyền trên bãi biển,27310
5610848512.jpg,3,Một thanh niên đang nhảy cao đánh bóng trong khi đối thủ của anh ấy đang trong trạng thái phòng thủ,27310
5610848512.jpg,4,Một chàng trai nhảy lên không trung để đập một quả bóng trong trận đấu bóng chuyền trên bãi biển,27310
5730196560.jpg,0,Một cậu bé đang bắt bóng bên cạnh gôn trong khi cầu thủ đối phương đang trượt trên đất cố gắng chạm vào gôn,27533
5730196560.jpg,1,Hai người cậu bé trong trang phục bóng chày đang chơi bóng chày một người là cầu thủ phòng ngự còn người kia là runner,27533
5730196560.jpg,2,Một cậu bé cố gắng trượt đến gôn để an toàn trong một trò chơi bóng chày,27533
5730196560.jpg,3,Một cậu bé là runner đang cố trượt vào gôn trước khi cầu thủ phòng ngự bắt được bóng,27533
5730196560.jpg,4,Một đứa trẻ đang cố chạm vào gôn trong khi cầu thủ đối phương đứng bên cạnh,27533
5767811093.jpg,0,Một hitter đang vung gậy bóng chày và người bắt bóng đang ở ngay bên cạnh,27606
5767811093.jpg,1,Một cầu thủ bóng chày đang đánh bóng với người bắt bóng và trọng tài phía sau anh ta,27606
5767811093.jpg,2,Một người đánh bóng người bắt bóng và trọng tài ở đứng ở đĩa nhà trong một trận bóng chày,27606
5767811093.jpg,3,Một người đàn ông đang chơi bóng chày và đang vung gậy đánh bóng,27606
5767811093.jpg,4,Một cầu thủ bóng chày đang đánh một quả bóng bay đến,27606
5847749710.jpg,0,Một trận đấu bóng chày đang diễn ra với lợi thế thuộc về đội đỏ vì cầu thủ đã nhận được bóng và đứng ngay bên cạnh gôn,27743
5847749710.jpg,1,Một người đàn ông bắt được quả bóng trong găng tay trong khi runner đang đứng ngoài vùng an toàn,27743
5847749710.jpg,2,Một cầu thủ phòng ngự sắp chiếm được gôn bởi vì đã nhận được bóng từ đồng đội,27743
5847749710.jpg,3,Một cầu thủ vừa ném bóng cho đồng đội của mình trong khi một runner đang chạy đến,27743
5847749710.jpg,4,Trận đấu bóng chày đang diễn ra trên sân cỏ và cầu thủ đội đỏ đã nhận được bóng tại gôn,27743
5914778546.jpg,0,Một cầu thủ bóng chày đã chạm vào gôn trong khi người bắt bóng vừa mới nhận bóng chày bên ngoài khu vực,27847
5914778546.jpg,1,Một cầu thủ bóng chày đang trượt về phía gôn để ghi điểm cho đội của mình,27847
5914778546.jpg,2,Một cầu thủ bóng chày đang bắt bóng trong khi runner đội đối thủ đã chạm vào gôn sau lưng anh ta,27847
5914778546.jpg,3,Các thành viên đội đỏ đang xem trận đấu bóng chày phía sau hàng rào,27847
5914778546.jpg,4,Một cầu thủ bóng chày trong bộ trang phục bóng chày màu đỏ trượt đến chạm vào gôn,27847
5914789066.jpg,0,Cầu thủ bóng chày đang cố gắng đánh bóng trong khi người bắt bóng đang sẵn sàng bắt quả bóng,27848
5914789066.jpg,1,Một cầu thủ bóng chày áo xanh đang đánh bóng trong khi người bắt bóng và trọng tài đang đứng bên cạnh,27848
5914789066.jpg,2,Một cầu thủ bóng chày đội xanh đang vung gậy về phía quả bóng,27848
5914789066.jpg,3,Trận đấu bóng chày đang diễn ra và một cầu thủ đang chuẩn bị đánh bóng,27848
5914789066.jpg,4,Một quả bóng đã được ném và cầu thủ đang chuẩn bị đánh quả bóng ấy,27848
5925539370.jpg,0,Ba cầu bé đang chơi ném bóng chày trên sân vận động,27879
5925539370.jpg,1,Ba đứa trẻ chơi bóng chày trên sân và đứng tại vị trí ném bóng,27879
5925539370.jpg,2,Những cậu bé mang găng tay bóng chày đang đứng trên sân,27879
5925539370.jpg,3,Một cậu bé cao to đang ném bóng trong khi hai cậu bé khác đang đứng cạnh bên chờ đợi đến lượt,27879
5925539370.jpg,4,Một cậu bé đang ném một quả bóng chày trong khi hai cậu bé còn lại đang nhìn theo,27879
5989324335.jpg,0,Người chơi trong bộ trang phục bóng chày màu trắng đang trượt vào gôn trong khi người chơi đối thủ cố gắng chạm vào anh ta,27972
5989324335.jpg,1,Một cầu thủ bóng chày màu trắng đang trượt vào gôn trong khi đối thủ đang cố gắng loại anh ta,27972
5989324335.jpg,2,Trong một trận bóng chày một người chơi đang trượt trên mặt đất để đến gôn kịp thời,27972
5989324335.jpg,3,Một cầu thủ bóng chày đang cố gắng chạm vào gôn trước khi đối thủ chạm vào anh ta,27972
5989324335.jpg,4,Một cầu thủ bóng chày trượt đến gôn trong khi cầu thủ phòng ngự đối phương đang đứng trước mặt anh ta,27972
6071314957.jpg,0,Một người chơi tennis đang nhảy lên để đánh bóng về phía đối thủ,28070
6071314957.jpg,1,Hai người đang chơi tennis trên sân và người phụ nữ áo vàng đang đánh bóng,28070
6071314957.jpg,2,Hai cô gái chơi tennis và cô gái áo vàng đang nhảy lên không trung để đánh quả bóng cho đối phương,28070
6071314957.jpg,3,Hai người phụ nữ đang đánh quần vợt và một trong hai đang nhảy lên đánh bóng,28070
6071314957.jpg,4,Cô gái áo vàng đang đánh bóng trên không trung trong khi người đối diện đang trong tư thế sẵn sàng đỡ bóng,28070
610841649.jpg,0,Trận bóng đá đang diễn ra với hai đội bóng trong trang phục đỏ và trắng,28132
610841649.jpg,1,Đội bóng áo đỏ đang đá phạt trước hàng rào phòng thủ áo trắng,28132
610841649.jpg,2,Cầu thủ đội đỏ đang thực hiện cú đá trong khi thủ môn đang sẵn sàng để đỡ được quả bóng đang bay vào khung thành,28132
610841649.jpg,3,Tất cả các cầu thủ đều đang dõi theo vị trí của quả bóng sau khi một cầu thủ sút bóng,28132
610841649.jpg,4,Một cầu thủ đội đỏ đá quả bóng về phía gôn và thủ môn áo đen đội đối thủ đang bảo vệ khung thành của mình,28132
6123457215.jpg,0,Một cầu bé trong trang phục màu vàng đang bị vây quanh bởi các cầu thủ áo đỏ trong trận đấu bóng bầu dục,28146
6123457215.jpg,1,Hai chàng trai đội màu đỏ đang chặn một cầu thủ đội vàng đang cầm bóng,28146
6123457215.jpg,2,Cầu thủ bóng bầu dục áo vàng đang cố gắng tránh khỏi sự truy bắt của hai cậu bé trong trang phục đỏ,28146
6123457215.jpg,3,Một trận bóng bầu dục đang diễn ra trên sân khi đội vàng đang có bóng và đội đỏ đang phòng thủ,28146
6123457215.jpg,4,Cầu thủ đội vàng đang thoát ra vòng vây của những cầu thủ đối phương,28146
6142033763.jpg,0,Các chàng trai trẻ đang chơi bóng rổ trong nhà thể thao và một trong số đó đang nhảy lên,28173
6142033763.jpg,1,Bốn thanh niên đang chơi bóng rổ và một chàng trai đang nhảy cao để giành lấy bóng,28173
6142033763.jpg,2,Chàng trai áo xanh dương đang nhảy lên không trung trong khi các cầu thủ còn lại đang nhìn theo anh ấy,28173
6142033763.jpg,3,Một người đàn ông mặc đồng phục bóng rổ màu xanh nhảy lên không trung để đánh bóng trong khi những chàng trai còn lại đang đứng xung quanh,28173
6142033763.jpg,4,Có bốn chàng trai trong một phòng tập thể dục đang chơi bóng rổ,28173
6180807938.jpg,0,Trò chơi bóng đá đang diễn ra khi đội bóng áo sọc đang giữ bóng và cầu thủ đội xanh lam đang đuổi theo để giành lấy,28256
6180807938.jpg,1,Một cầu thủ bóng đá áo sọc đang đi bóng trong khi cầu thủ đối phương đang truy đuổi anh ta,28256
6180807938.jpg,2,Nhiều khán giả đang xem một trận bóng đá chuyên nghiệp của đội bóng màu xanh sọc đỏ và đội bóng trang phục màu xanh lam,28256
6180807938.jpg,3,Ba cầu thủ đang ở trên sân và một trong số đó đang dẫn bóng tránh khỏi sự phòng ngự của đối thủ,28256
6180807938.jpg,4,Khán giả bên ngoài sân cỏ đang theo dõi một trận đấu bóng đá trong khi một cầu thủ đang dẫn trái bóng,28256
6187182607.jpg,0,Một người đập bóng chày trong quần trắng và áo sơ mi đen cố gắng đánh bóng chày với một người bắt phía sau anh ta và một trọng tài đằng sau người bắt bóng,28266
6187182607.jpg,1,Trong một trò chơi bóng chày người đánh bóng đang đong đưa vào quả bóng trong khi người bắt giữ kiên nhẫn chờ đợi bóng đánh găng tay,28266
6187182607.jpg,2,Ba người đàn ông đang đứng trên một viên kim cương bóng chày hitter đang vung dơi của mình tại một quả bóng đến,28266
6187182607.jpg,3,Một cầu thủ bóng chày với người bắt và trọng tài được thể hiện đằng sau anh ta chuẩn bị đánh bóng,28266
6187182607.jpg,4,Một người đánh bóng sắp đánh một quả bóng chày với một người bắt và trọng tài phía sau anh ta,28266
6188752802.jpg,0,Một người chơi phụ nữ mặc đồ trắng và đen gửi bóng chuyền qua mạng trong khi đội đối phương trong Navy Blue cố gắng chặn nó như một huấn luyện viên và một vài khán giả xem trong một phòng tập thể dục,28276
6188752802.jpg,1,Một trò chơi bóng chuyền nữ trong đó một đội đang mặc áo sơ mi trắng chủ yếu và người kia đang mặc áo xanh,28276
6188752802.jpg,2,Một cầu thủ bóng chuyền nữ đang nhảy về phía bóng chuyền,28276
6188752802.jpg,3,Người chơi bóng chuyền nữ chơi một trò chơi,28276
6188752802.jpg,4,Những cô gái này đang chơi bóng chuyền,28276
6198363555.jpg,0,Một nhóm một người đàn ông chơi bóng rổ trên một toà án tạm thời,28298
6198363555.jpg,1,Một nhóm thanh niên đang chơi bóng rổ ngoài trời,28298
6198363555.jpg,2,Một nhóm người trẻ chơi một trò chơi bóng rổ,28298
6198363555.jpg,3,Bốn người đàn ông chơi một trận bóng rổ với nhau,28298
6198363555.jpg,4,Một nhóm đàn ông đang chơi bóng rổ,28298
6201295346.jpg,0,Hai cầu thủ bóng đá chuyên nghiệp một người mặc quần short màu đỏ và quần short đen khác trong quần short trắng và trắng cạnh tranh để kiểm soát bóng,28309
6201295346.jpg,1,Một người đàn ông da trắng mặc đồng phục màu xanh đang đẩy đi một người đàn ông da đen mặc đồng phục màu đỏ trong khi hai người chơi bóng đá trên một cánh đồng xanh,28309
6201295346.jpg,2,Hai cầu thủ bóng đá một người mặc màu đỏ và một màu xanh mặc chơi bóng đá với nhau,28309
6201295346.jpg,3,Các cầu thủ bóng đá màu đỏ và xanh đang cố gắng lên bóng đầu tiên để ghi bàn thắng,28309
6201295346.jpg,4,Hai cầu thủ bóng đá đang cạnh tranh cho quả bóng trong một trò chơi,28309
6204719881.jpg,0,Ở phía trước một cầu thủ bóng đá đang di chuyển màu cam và đen để chặn hai cầu thủ mặc đồng phục trắng khi chúng chạy về phía máy ảnh để theo đuổi bóng đá trong khi ở nền một người đàn ông mặc đồng phục bóng đá màu xanh nhìn,28314
6204719881.jpg,1,Bốn người đàn ông đang chơi bóng đá hai người mặc áo trắng một trong áo đỏ và một thủ môn trong nền,28314
6204719881.jpg,2,Ba người hai màu trắng một màu đỏ và đen đang chơi bóng đá,28314
6204719881.jpg,3,Ba người đàn ông cạnh tranh trong một trận bóng đá trên sân bóng đá,28314
6204719881.jpg,4,Một nhóm người đàn ông chơi bóng đá,28314
6206340700.jpg,0,Một cuộc đua chạy trở lại tự mình mở ra giữa hai lineman khi anh cố gắng chạy bóng xuống sân bóng,28320
6206340700.jpg,1,Cầu thủ bóng đá màu nâu đang chạy với quả bóng từ những cầu thủ màu trắng,28320
6206340700.jpg,2,Người chơi bóng đá đang cố gắng tuyệt vọng để thăng tiến bóng lên sân,28320
6206340700.jpg,3,Một cầu thủ bóng đá đại học chạy bóng về phía người bảo vệ,28320
6206340700.jpg,4,Đàn ông đang ở trên sân chơi bóng đá,28320
6212107040.jpg,0,Cầu thủ bóng chày Melky Cabrera Mặc số Jersey đứng sau tấm nhà nhìn vào khi đội của anh ta tròn về nhà phía sau người bắt bóng,28337
6212107040.jpg,1,Một người đàn ông mặc áo xanh đang băng qua đĩa tại nhà tại một trận bóng chày,28337
6212107040.jpg,2,Một cầu thủ bóng chày có điểm màu xanh chạy bằng cách băng qua đĩa nhà,28337
6212107040.jpg,3,Thành viên của đội bóng chày Hoàng gia băng qua đĩa,28337
6212107040.jpg,4,Cầu thủ bóng chày băng qua tấm nhà,28337
6224066807.jpg,0,Một cầu thủ bóng đá đang trên cánh đồng với cánh tay của mình chuẩn bị đá bóng,28365
6224066807.jpg,1,Một chàng trai mặc đồng phục màu trắng với số trên đó chơi bóng đá,28365
6224066807.jpg,2,Một người đàn ông mặc một chiếc áo số sắp đá một quả bóng đá,28365
6224066807.jpg,3,Một người đàn ông có đồng phục bóng đá số đá một quả bóng đá,28365
6224066807.jpg,4,Một người đàn ông đang đá một quả bóng đá,28365
6253003614.jpg,0,Một cầu thủ bóng đá mặc những người chạy bộ màu trắng trước những cầu thủ bóng đá khác đang ở trên mặt đất trong khi một người hâm mộ trong nền kỷ niệm bóng đi vào lưới,28419
6253003614.jpg,1,Ba người đàn ông đang chơi bóng đá với khán giả trong nền,28419
6253003614.jpg,2,Cầu thủ bóng đá trên một cánh đồng với một quả bóng đi vào lưới,28419
6253003614.jpg,3,Những đứa trẻ này đang vui vẻ chơi một trò chơi bóng đá,28419
6253003614.jpg,4,Một mục tiêu được ghi vào một trận bóng đá,28419
6271611352.jpg,0,Năm chàng trai trẻ hai người mặc áo xanh ba màu xanh đang chơi bóng đá trên một cánh đồng với một hàng rào liên kết chuỗi trong nền,28441
6271611352.jpg,1,Một số người trẻ đang chơi với một quả bóng bên ngoài,28441
6271611352.jpg,2,Năm đứa trẻ trẻ đang tham gia vào một trò chơi bóng đá,28441
6271611352.jpg,3,Năm cậu bé chơi bóng đá,28441
6271611352.jpg,4,Năm chàng trai trẻ chơi bóng đá,28441
6283123175.jpg,0,Một cầu thủ bóng chuyền nữ đang nhảy cho một quả bóng chuyền ở phía đối diện của đội màu xanh,28477
6283123175.jpg,1,Một cầu thủ bóng chuyền nhảy lên để đạt được bóng trong một trò chơi của tất cả phụ nữ,28477
6283123175.jpg,2,Một cô gái tăng đột biến trong một cuộc thi bóng chuyền trường trung học,28477
6283123175.jpg,3,Đội bóng chuyền của một cô gái đang có một trò chơi,28477
6283123175.jpg,4,Một đội bóng chuyền nữ thực hành,28477
6309593797.jpg,0,Một người ném bóng đang ném một quả bóng chày đến một người bắt người đang đứng trước một trọng tài và đằng sau một người đánh bóng,28528
6309593797.jpg,1,Một bình bóng chày ném một quả bóng nhanh vào một người đánh bóng bắt và trọng tài,28528
6309593797.jpg,2,Một bình vừa hoàn thành việc ném quả bóng về phía người đánh bóng trên sân bóng chày,28528
6309593797.jpg,3,Một nhóm đàn ông chơi bóng chày với một người đàn ông ném bóng,28528
6309593797.jpg,4,Anh ta làm cho sân và bột đã sẵn sàng,28528
6312211170.jpg,0,Cầu thủ bóng đá mặc đồng phục màu xanh và trắng sáng đang nhảy lên không trung,28536
6312211170.jpg,1,Hai thanh niên chơi bóng đá vào một ngày nắng đang nhảy cho quả bóng đá,28536
6312211170.jpg,2,Cầu thủ bóng đá trong trận đấu xanh và trắng cho quả bóng trong không trung,28536
6312211170.jpg,3,Một số cầu thủ bóng đá trên một cánh đồng hành động,28536
6312211170.jpg,4,Ba chàng trai đang chơi bóng đá,28536
6341181416.jpg,0,Một cầu thủ bóng đá trong một chiếc áo màu xanh Jersey với chiếc quần vàng mang bóng đá trong khi đồng đội của anh ta và đội bóng đối phương mặc màu cam và trắng chạy phía sau anh ta,28617
6341181416.jpg,1,Một cầu thủ của đội bóng đá mặc đồng phục màu xanh và vàng đang chạy xuống dòng yard về phía khu vực cuối,28617
6341181416.jpg,2,Một trò chơi bóng đá Người chơi có quả bóng trong một chiếc áo xanh với phe đối lập trong áo trắng,28617
6341181416.jpg,3,Sáu chàng trai chơi bóng đá và một người có bóng đá và đang chạy,28617
6341181416.jpg,4,Một bóng đá trường trung học chạy lại chạy nước rút vào vùng cuối,28617
6342265060.jpg,0,Hai đội bóng đá một đội ở Teal và người kia mặc màu đỏ giữa một trận đấu,28623
6342265060.jpg,1,Hai đội một đội mặc màu xanh lá cây một người mặc màu đỏ chơi một trò chơi bóng đá,28623
6342265060.jpg,2,Trong một trận bóng đá hai người chơi nhảy lên headbutt bóng,28623
6342265060.jpg,3,Hai cầu thủ bóng đá từ các đội đối lập nhảy lên không trung,28623
6342265060.jpg,4,Một số người đàn ông mặc đồng phục xanh và đỏ đang chơi bóng đá,28623
6362439531.jpg,0,Một người đàn ông vừa vỗ một quả bóng tại một người đàn ông khác người đã vung dơi cricket của mình trong khi một chiếc đồng hồ bắt trong nền,28646
6362439531.jpg,1,Ba cầu thủ cricket đang hoạt động trên một cánh đồng rất xanh với cây cọ trong nền,28646
6362439531.jpg,2,Ba người đang chơi một trò chơi mặc quần áo trắng ở đâu đó nhiệt đới,28646
6362439531.jpg,3,Ba chàng trai chơi bóng chày gần cây cọ,28646
6362439531.jpg,4,Ba người chơi cricket trong trò chơi giữa,28646
6419839253.jpg,0,Tại một sự kiện cú đánh đôi Redbull một người đàn ông đá một quả bóng đá với chân thẳng lên không trung bên cạnh con người với một hình xăm lớn trên lưng,28708
6419839253.jpg,1,Ba thanh niên đang chơi bóng đá ở bãi biển mặc quần short và trang phục bãi biển trong khi một số người xem,28708
6419839253.jpg,2,Có ba thanh niên đá một quả bóng đá trên một bãi biển như một phần của một cuộc thi được tài trợ bởi Red Bull,28708
6419839253.jpg,3,Một người đàn ông với một chiếc áo sơ mi và hai người đàn ông không mặc áo chơi bóng đá trên cát trước khán giả,28708
6419839253.jpg,4,Các vận động viên biểu diễn trong cuộc thi đá đôi Red Bull,28708
6462908751.jpg,0,Bốn chàng trai đang chơi bóng rổ và sàn nhà là vàng với màu xanh lam đỏ và trắng hai chàng trai đang mặc màu trắng và bốn người đang mặc màu đen chúng được bao quanh bởi những người trong những người tẩy trắng,28751
6462908751.jpg,1,Một cầu thủ bóng rổ mặc đồ trắng đồng hồ của mình người mặc đồ đen rê bóng rổ xuống sân trong một trận đấu với khán giả,28751
6462908751.jpg,2,Trẻ em học trung học chơi bóng rổ trong một phòng tập thể dục trong khi rất nhiều khán giả nhìn vào,28751
6462908751.jpg,3,Người chơi bóng rổ tham gia vào cố gắng ngăn chặn đội khác,28751
6462908751.jpg,4,Một cậu bé đang rê bóng rổ trong một trận bóng rổ,28751
6474862163.jpg,0,Cầu thủ bóng rổ bang Penn bang Bắn số cho giỏ với quả bóng vừa rời khỏi đầu ngón tay,28764
6474862163.jpg,1,Một cầu thủ bóng rổ tìm kiếm một phát súng trong khi đồng đội của anh ta nắm giữ thành viên nhóm đối lập,28764
6474862163.jpg,2,Một cầu thủ bóng rổ đang thực hiện một cú nhảy với một cầu thủ đối nghịch ở phía trước,28764
6474862163.jpg,3,Một người đàn ông trong một bộ đồng phục bóng rổ trắng bắn cho giỏ,28764
6474862163.jpg,4,Một cầu thủ bóng rổ đang bắn một quả bóng rổ,28764
6474894623.jpg,0,Hai đội bóng rổ chơi một trò chơi nhỏ đang xem một quả bóng khi nó bay về phía mục tiêu,28766
6474894623.jpg,1,Có nhiều cầu thủ màu trắng và màu xanh trong bức ảnh này hơn Burgundy và White,28766
6474894623.jpg,2,Hai đội đàn ông đang chơi bóng rổ trên sân trong một sân vận động trống rỗng,28766
6474894623.jpg,3,Một cầu thủ bóng rổ vừa thực hiện một cú sút và đang sụp đổ,28766
6474894623.jpg,4,Một layup trông giống như nó sắp diễn ra,28766
6475050767.jpg,0,Cầu thủ bóng rổ cố gắng đi vòng quanh một hậu vệ màu đỏ,28768
6475050767.jpg,1,Cầu thủ bóng rổ chơi trước một khán giả nhỏ,28768
6475050767.jpg,2,Một cầu thủ bóng rổ đang rê bóng bóng,28768
6475050767.jpg,3,Con trai đang chơi bóng rổ trong một sân vận động,28768
6475050767.jpg,4,Guy chơi bóng rổ đại học,28768
6569938885.jpg,0,Các thành viên trong nhóm bóng chuyền ăn mặc màu đỏ ở một bên và các thành viên trong nhóm mặc đồ vàng và màu xanh trên đội đối thủ tích cực chặn tăng đột biến trong khi một huấn luyện viên nhìn vào,28865
6569938885.jpg,1,thành viên trong nhóm mặc đồng phục đang nhảy về phía lưới bóng chuyền để chặn một đội đối nghịch mặc đồng phục màu vàng tăng đột biến,28865
6569938885.jpg,2,Một trò chơi bóng chuyền và một người đàn ông mặc đồng phục màu vàng và màu xanh đã tăng vọt bóng trên mạng qua ba người bảo vệ mặc đồng phục đỏ,28865
6569938885.jpg,3,Một đội bóng chuyền đang cố gắng ngăn chặn bóng đi qua mạng,28865
6569938885.jpg,4,Đây là một nhóm trên những chàng trai trẻ tham gia bóng chuyền,28865
6638041153.jpg,0,Hai đội phụ nữ một màu xanh và trắng và một màu xanh lá cây và trắng đang chơi bóng chuyền,28930
6638041153.jpg,1,Các cô gái cạnh tranh Người chơi bóng chuyền cố gắng kiểm soát bóng trong không trung,28930
6638041153.jpg,2,Hai người phụ nữ cố gắng chặn một Spike trong khi chơi bóng chuyền,28930
6638041153.jpg,3,Có hai đội thi đấu trong một trận đấu bóng chuyền của phụ nữ,28930
6638041153.jpg,4,Một trò chơi trên bóng chuyền nữ trong một phòng tập thể dục,28930
6696752075.jpg,0,Một cậu bé mặc đồng phục Texas Rangers mở găng tay của mình ngay trước khi anh ta bắt bóng chày,28987
6696752075.jpg,1,Cậu bé trong bộ đồng phục bóng chày sắp bắt một quả bóng chày trong găng tay của mình,28987
6696752075.jpg,2,Một cậu bé trong một bộ trang phục bóng chày bắt bóng chày,28987
6696752075.jpg,3,Một cậu bé trong bộ đồng phục bóng chày bắt bóng,28987
6696752075.jpg,4,Một cậu bé đang chơi bóng chày,28987
6706751023.jpg,0,Một cầu thủ bóng rổ trong một bộ đồng phục màu trắng đang rê bóng rổ trên một cầu thủ trong bộ đồng phục màu đen,28996
6706751023.jpg,1,Một cô gái mặc đồng phục bóng rổ trắng đang rê bóng rổ qua một cô gái mặc đồng phục màu đen,28996
6706751023.jpg,2,Một cầu thủ bóng rổ nữ đang rê bóng rổ qua một cầu thủ khác,28996
6706751023.jpg,3,Hai người phụ nữ cạnh tranh trong một trò chơi bóng rổ tất cả phụ nữ,28996
6706751023.jpg,4,một cầu thủ bóng rổ cố gắng giữ bóng,28996
6797626960.jpg,0,Một cậu bé tuổi teen đang mặc màu đỏ và đen đang nhảy lên để đánh một quả bóng rổ ra khỏi bàn tay của một cậu bé tuổi teen mặc trắng và cam trong khi một đám đông đồng hồ,29106
6797626960.jpg,1,Cầu thủ bóng rổ trong bộ đồng phục màu cam cố gắng chặn cú sút của người chơi trong bộ đồng phục trắng,29106
6797626960.jpg,2,Người đàn ông cố gắng làm một cái giỏ tại một trò chơi trong khi một cái khác đang cố gắng chặn cú sút,29106
6797626960.jpg,3,Bóng rổ trung học đã trở nên đặc biệt thú vị với các lần bố trí mẫu mực,29106
6797626960.jpg,4,Một cậu bé thực hiện một cú sút trong khi đội của anh ta lo lắng,29106
6822696890.jpg,0,Ba người chơi bóng rổ xe lăn mặc đồng phục đội đang cố gắng tiếp cận bóng rổ giảm dần với những người chơi khác trong nền,29140
6822696890.jpg,1,Bốn chàng trai trong xe lăn trên sân bóng rổ hai đang cố gắng nắm lấy một quả bóng rổ ở giữa không trung,29140
6822696890.jpg,2,Thể thao mới đang được chơi để thể hiện sự đánh giá cao cho những đứa trẻ không thể đi bộ,29140
6822696890.jpg,3,Hai người đàn ông trong xe lăn đang vươn vào không khí cho một quả bóng rổ,29140
6822696890.jpg,4,Hai người đàn ông trong tai nạn xe lăn và chúng với tới quả bóng,29140
6828313172.jpg,0,Cầu thủ bóng rổ đang vươn vào bóng rổ khi nó bay qua không trung,29155
6828313172.jpg,1,Một đội bóng rổ đang thực hiện một cú sút trong khi ba người đàn ông cố gắng phục hồi,29155
6828313172.jpg,2,Một nhóm các chàng trai chơi bóng rổ trong một phòng tập thể dục như một người hâm mộ nhìn vào,29155
6828313172.jpg,3,Đàn ông trên các đội đối lập đặt bóng rổ,29155
6828313172.jpg,4,người đàn ông cạnh tranh cho sự phục hồi,29155
6858393129.jpg,0,Tại một trò chơi bóng rổ của đàn ông số hai mươi mốt đi cho cú sút mặc dù anh ta đang bị các chàng trai mặc đôi,29237
6858393129.jpg,1,Hai người đàn ông mặc đồng phục bóng rổ màu xanh đang cố gắng để có được bóng từ một người đàn ông trong bộ đồng phục bóng rổ trắng người đang ở giữa không trung,29237
6858393129.jpg,2,Một người đàn ông ở giữa không trung với một quả bóng rổ vì hai người đàn ông từ đội đối lập cố gắng che chắn phòng thủ anh ta,29237
6858393129.jpg,3,Ba quý ông chơi bóng rổ một người đàn ông với bóng và hai người bảo vệ trên anh ta,29237
6858393129.jpg,4,Một anh chàng da trắng ở giữa mất một layup khác,29237
6871582253.jpg,0,Một cầu thủ bóng rổ mặc đồng phục màu xanh đang lái xe về phía giỏ khi đồng đội của mình nhìn và anh ta đang được bảo vệ bởi ba cầu thủ đối lập mặc đồng phục trắng,29268
6871582253.jpg,1,Một người đàn ông mặc đồng phục màu xanh cố gắng bắn một cái giỏ trong một trận bóng rổ trong khi được bao quanh bởi ba người đàn ông mặc đồng phục trắng và khi một người chơi mặc đồng phục mặc đồng phục khác nhìn vào,29268
6871582253.jpg,2,Ba cầu thủ bóng rổ trong một trò chơi một người đang cố gắng để có được bóng qua vòng,29268
6871582253.jpg,3,Một người đàn ông cố gắng đặt bóng rổ vào hoop trong khi được bao quanh bởi những đồng đội đối nghịch,29268
6871582253.jpg,4,Đội bóng rổ với một trong những cầu thủ sắp đi chồi,29268
6889203488.jpg,0,Hai chàng trai tuổi teen thực hành kỹ năng bóng đá của họ khi bạn bè của họ đứng cạnh khung thành và xem,29323
6889203488.jpg,1,Một cậu bé đá một quả bóng đá vào lưới trong khi thủ môn nhảy lên quả bóng,29323
6889203488.jpg,2,Các vận động viên trẻ cạnh tranh trong một trận bóng đá trong nỗ lực chặn một mục tiêu,29323
6889203488.jpg,3,Hai đứa trẻ tập thể dục bóng đá trong khi năm người khác nhìn vào,29323
6889203488.jpg,4,Tám thanh niên luyện tập kỹ năng bóng đá,29323
6897153076.jpg,0,Hai người đàn ông một trong bộ đồng phục màu vàng và một trong bộ đồng phục màu xanh đang thi cho một quả bóng rổ trong một trò chơi với những người chơi khác trong nền,29347
6897153076.jpg,1,Một cầu thủ bóng rổ trong một bộ đồng phục màu vàng cố gắng rê bóng trong khi được bảo vệ bởi một người chơi trong bộ đồng phục màu xanh,29347
6897153076.jpg,2,Một cầu thủ bóng rổ trong một chiếc áo vàng gặm bóng trong khi một người đàn ông mặc áo xanh bảo vệ anh ta,29347
6897153076.jpg,3,Hai cầu thủ bóng rổ chuyên nghiệp cố gắng kiểm soát bóng,29347
6897153076.jpg,4,Hai cầu thủ bóng rổ nam tham gia trò chơi chuyên nghiệp,29347
6910820943.jpg,0,Ba cầu thủ bóng đá một trong những màu xanh và đỏ sở hữu quả bóng và người trên nền trắng đang cố gắng đánh cắp nó đi,29380
6910820943.jpg,1,Cầu thủ bóng đá đang ở trên một cánh đồng một người sắp đá một quả bóng và một người khác cố gắng đánh cắp nó từ anh ta,29380
6910820943.jpg,2,Một trò chơi bóng đá của đàn ông giữa một đội màu trắng và đen và một đội trong các sọc đỏ và xanh,29380
6910820943.jpg,3,Một người bảo vệ di chuyển trên đối thủ của mình trong một trận bóng đá chuyên nghiệp,29380
6910820943.jpg,4,Messi chuẩn bị tấn công bóng đá giữa những người bảo vệ lo lắng,29380
6910899095.jpg,0,Một cầu thủ bóng đá màu xanh và đỏ chỉ cần đá bóng và hai người chơi đối nghịch mặc đồng phục màu đen và trắng xem để xem nó sẽ đi đâu,29381
6910899095.jpg,1,Một cầu thủ bóng đá chuyên nghiệp mặc áo đen và trắng chạy sau quả bóng sau khi đối thủ của mình đá nó sai hướng,29381
6910899095.jpg,2,Bốn cầu thủ bóng đá hai màu xanh và đỏ và hai màu trắng và đen trận chiến để kiểm soát bóng đá trên không,29381
6910899095.jpg,3,Bốn cầu thủ bóng đá xem một quả bóng hai người trên các đội riêng biệt như số Messi đá nó đi,29381
6910899095.jpg,4,Một cầu thủ bóng đá trên đồng ruộng đá bóng đá trong không khí trong suốt trận đấu,29381
6915111992.jpg,0,Một cậu bé mặc vàng đang bắn một quả bóng đá tại một cậu bé màu đỏ trong khi một số chàng trai khác chơi bóng đá trong nền,29392
6915111992.jpg,1,Trong khi một số người Mill Mill ở hậu cảnh hai cậu bé rực rỡ tham gia vào một trò chơi bóng đá,29392
6915111992.jpg,2,Một đứa trẻ trong màu vàng cố gắng một bàn thắng tại một trận bóng đá trong khi thủ môn trong Red cố gắng chặn cú sút,29392
6915111992.jpg,3,Hai người trẻ tuổi của các đội đối lập đang chơi một trận bóng đá mặc đồng phục màu vàng và đỏ,29392
6915111992.jpg,4,Một cậu bé với một bộ đồng phục bóng đá màu vàng và đen cố gắng ghi bàn thắng,29392
6917516932.jpg,0,Umpire và những người khác nhìn vào khi một cầu thủ bóng chày trượt vào gốc và những bước nhảy cao trên không trung,29401
6917516932.jpg,1,Một cầu thủ bóng chày nằm trên mặt đất với miệng mở trong khi một người khác nhảy lên phía trên anh ta,29401
6917516932.jpg,2,Một cầu thủ bóng chày đang trượt vào căn cứ thứ hai trong khi những người vô tận đối thủ nhảy lên,29401
6917516932.jpg,3,Một cầu thủ bóng chày trượt xuống căn cứ trong khi một cầu thủ đối nghịch nhảy qua anh ta,29401
6917516932.jpg,4,Một người đàn ông đang nhảy rất cao trên một người đàn ông khác,29401
6928261287.jpg,0,Một cầu thủ đại học Marquette đang đi về phía giỏ và đang bị một st Johns Defender tại Madison Square Garden trong giải đấu Big East,29442
6928261287.jpg,1,Ảnh hành động của một trò chơi bóng rổ giữa một đội màu vàng và đỏ như một cầu thủ từ đội màu vàng nằm trong không khí với bóng rổ trong phạm vi của hoop,29442
6928261287.jpg,2,Một cầu thủ bóng rổ đang cố gắng layup trong khi một cầu thủ bóng rổ khác đang cố gắng chặn cú sút,29442
6928261287.jpg,3,Năm cầu thủ bóng rổ đấu tranh để kiểm soát bóng gần một trong những lưới,29442
6928261287.jpg,4,Một đội màu vàng và một đội bóng đỏ chơi bóng rổ,29442
6943202340.jpg,0,Một cầu thủ bóng chày đang trượt vào một căn cứ trong khi Baseman đang bắt một quả bóng đến trong một trận bóng chày Major League,29477
6943202340.jpg,1,Một người chơi từ Sleding của Oakland đến thứ hai khi người chơi từ các thiên thần đang chờ bóng,29477
6943202340.jpg,2,Đồng đội bóng chày Thiên thần đang bắt bóng vào giữa trong khi khán giả nhìn chằm chằm,29477
6943202340.jpg,3,Một cầu thủ bóng chày Thiên thần đặt găng tay của mình ra để bắt bóng,29477
6943202340.jpg,4,Đây là một cuộc gọi gần gũi giữa một người đánh bóng chày và một cơ sở,29477
7001163737.jpg,0,Hai cầu thủ bóng chuyền đứng cạnh một mạng lưới là một phần của một toà án trong nhà kỷ niệm một chiến thắng hoặc một điểm ghi bàn với một số người nhìn vào,29629
7001163737.jpg,1,Thành viên nhóm bóng chuyền của đàn ông nhảy lên không trung để tăng cường bóng vào sân chơi các đội khác,29629
7001163737.jpg,2,Hai đội một trong đồng phục màu trắng cái kia màu đỏ đang chơi bóng chuyền trước một đám đông,29629
7001163737.jpg,3,Một cầu thủ bóng chuyền nam chuẩn bị tăng vọt bóng,29629
7001163737.jpg,4,Một cầu thủ bóng chuyền trong một cuộc thi ở Pháp,29629
7017792809.jpg,0,Hai cầu thủ bóng rổ một màu đen và đỏ và một trong màu xanh và trắng chơi một trò chơi với ref và đám đông trong nền,29662
7017792809.jpg,1,Một cầu thủ bóng rổ mặc màu trắng dồn bóng trong khi được bảo vệ bởi một người chơi khác trong bộ đồng phục màu đen,29662
7017792809.jpg,2,Hai cầu thủ bóng rổ nam đang chơi một trò chơi cạnh tranh trong khi trọng tài đang đứng đằng sau xem,29662
7017792809.jpg,3,Hai người đàn ông chơi trong một trận bóng rổ với nhau,29662
7017792809.jpg,4,Một hình ảnh nhỏ được sử dụng để biểu thị một liên kết hình ảnh web bị hỏng,29662
7018032339.jpg,0,Một người đàn ông trong màu xanh nhạt đang đuổi theo một người đàn ông mặc sọc đen trắng trong khi chơi bóng đá và đồng đội của người đàn ông thứ hai nhìn vào,29663
7018032339.jpg,1,Một trò chơi bóng đá được chơi khi hai người đàn ông cố gắng tiếp cận quả bóng trước đối thủ được tôn trọng của họ,29663
7018032339.jpg,2,Một trò chơi bóng đá dành cho người lớn người chơi bóng đá đuổi theo bóng trong một trận đấu trực tiếp,29663
7018032339.jpg,3,Hành động bắn năm người đàn ông chơi một trò chơi bóng đá,29663
7018032339.jpg,4,Đàn ông chơi một trò chơi bóng đá,29663
7018032353.jpg,0,Năm người đàn ông hai trong đồng phục màu xanh và ba trong đồng phục sọc đen và trắng chơi bóng đá như một trong những người đàn ông mặc đồng phục màu xanh nhảy lên để đá bóng,29664
7018032353.jpg,1,Một cầu thủ bóng đá cho EIK nhảy lên cao trong không trung để đá bóng theo đuổi bởi một số đối thủ và một đồng đội,29664
7018032353.jpg,2,Một người đàn ông mặc áo sơ mi màu xanh đang đá một quả bóng đá rất cao trong không trung,29664
7018032353.jpg,3,Một cầu thủ bóng đá nhảy vào quả bóng như những đồng đội khác nhìn vào,29664
7018032353.jpg,4,Một người đàn ông nhảy cao để có được một cú đá trong khi chơi bóng đá,29664
7026785077.jpg,0,Một trò chơi bóng rổ nơi một thành viên của một đội đang dunking một quả bóng rổ trong khi đội khác nhìn vào,29687
7026785077.jpg,1,Một cầu thủ bóng rổ Slam dunking bóng rổ trong một trò chơi như đám đông và người chơi xem,29687
7026785077.jpg,2,Một cầu thủ bóng rổ làm cho một slam say trong một trận bóng rổ,29687
7026785077.jpg,3,Một cầu thủ bóng rổ nhồi vòng cho hai điểm,29687
7026785077.jpg,4,Một dunk slam được thực hiện tại một trò chơi bóng rổ,29687
7035417199.jpg,0,Một trò chơi bóng đá đang diễn ra giữa các đội một đội với những người chơi mặc quần áo màu vàng và đen và một đội người chơi khác mặc đồ màu xanh nhạt và trắng Ngoài ra còn có hai người chơi đối nghịch ở giữa cánh đồng cả hai người đàn ông trông giống như họ đang cố gắng đá bóng,29705
7035417199.jpg,1,Một trò chơi bóng đá nơi đội màu vàng đang cố gắng vượt qua đội màu trắng về phía thủ môn mặc quần short màu đen và xanh,29705
7035417199.jpg,2,Một nhóm người đang chơi bóng đá và hai người chơi từ các đội đối lập đang chiến đấu với bóng,29705
7035417199.jpg,3,Một trận bóng đá giữa một đội với áo trắng và một đội với áo vàng,29705
7035417199.jpg,4,Một đội bóng đá đang chơi với người khác,29705
7052167961.jpg,0,Ba con đực tất cả mặc đồng phục bóng chày và nam ở giữa trượt đến chân đế trong khi một trong những bên trái Tags anh ta,29721
7052167961.jpg,1,Người bắt bóng chày đang cố gắng gắn thẻ một người chơi từ đội đối diện đang trượt vào căn cứ nhà,29721
7052167961.jpg,2,Một người đàn ông bóng chày trượt mình vào căn cứ trong khi người đàn ông kia chạm vào căn cứ cùng một lúc,29721
7052167961.jpg,3,Một người bắt đang cố gắng gắn thẻ một người chạy trượt vào đĩa nhà,29721
7052167961.jpg,4,Một cầu thủ Orioles trượt vào đĩa nhà,29721
7063636373.jpg,0,Một trọng tài mặc đồng hồ màu đen gần như một người ném bóng qua đường bên dưới người bắt bóng bên dưới quả bóng trong tay trái của mình trong khi tay phải của anh ta ở trên sân ném trên bình khi anh ta ngã,29743
7063636373.jpg,1,Một cầu thủ bóng chày mặc một chiếc mũ bảo hiểm màu xanh lá cây màu nâu trượt vào căn cứ đầu tiên trong khi một cầu thủ bóng chày Los Angeles dựa vào anh ta ở giữa một vở kịch,29743
7063636373.jpg,2,Như một trọng tài nhìn vào một cầu thủ bóng chày Los Angeles đang rơi trên đỉnh của một cầu thủ đối thủ vừa trượt vào căn cứ,29743
7063636373.jpg,3,Một cầu thủ bóng chày đã chơi một cách mạnh mẽ để đến một căn cứ trong khi hậu vệ đã mất thăng bằng,29743
7063636373.jpg,4,Umpire đang đánh giá một động thái bóng chày để quyết định xem có điểm hay không,29743
7081260077.jpg,0,Người chơi bóng bầu dục đang chơi một trò chơi bóng bầu dục dữ dội nơi người vận chuyển đang được một thành viên của đội đối diện,29769
7081260077.jpg,1,Một người đàn ông mặc áo đỏ và trắng chạy với một quả bóng bầu dục như một người đàn ông khác trong những nỗ lực của Blue để giải quyết anh ta trong khi hai người đàn ông khác nhìn vào,29769
7081260077.jpg,2,Cầu thủ bóng đá có vẻ như anh ta sắp bị cản trở bởi người chơi đằng sau anh ta,29769
7081260077.jpg,3,Người chơi bóng bầu dục trong Blue Dampes để giải quyết người vận chuyển bóng màu trắng,29769
7081260077.jpg,4,Một cầu thủ bóng bầu dục nhún lên một giải quyết của một đối lập,29769
7099368287.jpg,0,Hai cầu thủ bóng đá trên các đội khác nhau va chạm giữa hai giờ trong khi nhảy về phía quả bóng,29788
7099368287.jpg,1,Hai cầu thủ bóng đá cạnh tranh cho quả bóng trong khi một đồng đội khác nhìn vào,29788
7099368287.jpg,2,Hai người đàn ông đang nhảy và va chạm trong không trung trong khi hai người đàn ông khác nhìn vào,29788
7099368287.jpg,3,Cầu thủ bóng đá đang nhảy lên không trung để đánh bóng bằng đầu,29788
7099368287.jpg,4,Hai cầu thủ bóng đá nhảy vào cố gắng giành tiêu đề,29788
7130336193.jpg,0,Hai đứa trẻ chơi bóng đá trên sân một người đang mặc một chiếc áo màu xanh và cái kia đang mặc một chiếc áo màu cam,29830
7130336193.jpg,1,Một cầu thủ bóng đá trong bộ đồng phục màu cam bị đánh vào mặt bởi một quả bóng được đá bởi một cầu thủ màu xanh,29830
7130336193.jpg,2,Một cậu bé mặc áo xanh đá một quả bóng đá vào đầu một cậu bé mặc áo Orange,29830
7130336193.jpg,3,Hai chàng trai tập luyện một quả bóng đá,29830
7130336193.jpg,4,Hai chàng trai chơi bóng đá với nhau,29830
7153787897.jpg,0,Hai đội bóng đá đang chơi trên một cánh đồng khi một trong những người chơi màu đen được giải quyết bởi đội đối phương trong màu cam và trắng,29858
7153787897.jpg,1,Một cầu thủ bóng đá lớn đã giải quyết và hạ gục một người chơi khác từ đội đối diện ở giữa một hành động đóng gói,29858
7153787897.jpg,2,Hai đội luyện tập bóng đá một đội mặc đồng phục màu đen và người kia mặc màu đỏ và trắng,29858
7153787897.jpg,3,Tám cầu thủ bóng đá đang chơi giữa khi phòng thủ hạ gục hành vi phạm tội,29858
7153787897.jpg,4,Một cầu thủ bóng đá đang giải quyết một cầu thủ bóng đá của đội đối phương khác,29858
7173234758.jpg,0,Một tay vợt nam mặc áo sơ mi màu xanh và quần short trắng được mô tả trong hành động trên sân tennis teal,29895
7173234758.jpg,1,Một người chơi tennis trong một chiếc áo sơ mi màu xanh và quần short trắng lunge về phía một quả bóng tennis trên sân tennis màu xanh,29895
7173234758.jpg,2,Một người chơi tennis thể thao mặc áo thun màu xanh và quần trắng ở giữa một vở kịch,29895
7173234758.jpg,3,Một người đàn ông đang cố gắng tiếp cận bóng tennis trong một trò chơi tennis,29895
7173234758.jpg,4,Một người đàn ông tại một sân tennis chơi tennis,29895
7197674214.jpg,0,Một cầu thủ bóng đá trong White Kicks một quả bóng như một cầu thủ bóng đá khác phổi về phía quả bóng và cầu thủ bóng đá thứ ba theo màu đỏ theo sát,29935
7197674214.jpg,1,Hai cầu thủ bóng đá đuổi theo sau một thành viên của đội đối thủ đang cố gắng để kiểm soát bóng,29935
7197674214.jpg,2,Một cầu thủ bóng đá tìm cách điều động xung quanh thủ môn đối nghịch người đang lặn để ăn cắp,29935
7197674214.jpg,3,Ba cầu thủ bóng đá đang hoạt động trên một cánh đồng trong khi khán giả xem,29935
7197674214.jpg,4,Ba người đàn ông theo đuổi một quả bóng đá trong khi một đám đông mọi người xem,29935
7252718418.jpg,0,Một cô bé đáng yêu với bím tóc và kính sắp bước vào một chiếc bóng chày,29999
7252718418.jpg,1,Một cô gái nhỏ bé besectacled cố gắng đánh một quả bóng mềm từ một tee đứng tự do,29999
7252718418.jpg,2,Một cô gái đuôi heo non đang vung dơi của mình tại một quả bóng trên một bài viết,29999
7252718418.jpg,3,Một cô bé trên sân bóng chày đang đung đưa vào một quả bóng chày trên tee,29999
7252718418.jpg,4,Một cô bé đang chơi bóng T,29999
7278633600.jpg,0,Một cậu bé chơi bóng đá đi cho một cú đánh đầu khi đối thủ của mình nhìn từ băng ghế dự bị,30026
7278633600.jpg,1,Một cầu thủ bóng đá mặc một bộ đồng phục màu đỏ đi lên cho một tiêu đề,30026
7278633600.jpg,2,Guy mặc đồng phục màu đỏ nảy một quả bóng đá ra khỏi đầu mình,30026
7278633600.jpg,3,Một cầu thủ bóng đá trong một đồng phục màu đỏ mang bóng,30026
7278633600.jpg,4,Một anh chàng hành động với đầu của mình trong một trận bóng đá,30026
7295359360.jpg,0,Người đàn ông chơi cho một đội bóng chày với chiếc mũ bảo vệ màu xanh và đồng phục bóng chày chơi cho Nam Carolina đang vung dơi và bỏ lỡ bóng,30053
7295359360.jpg,1,Một sân bóng chày ở Nam Carolina nơi người đập màu trắng và màu xanh và đang bị bốn người đàn ông khác xem,30053
7295359360.jpg,2,Một người đàn ông bóng chày đang chơi bóng chày và đánh bóng chày trong khi người đàn ông khác nhìn vào,30053
7295359360.jpg,3,Một cầu thủ bóng chày Đại học Nam Carolina đánh một quả bóng với một con dơi,30053
7295359360.jpg,4,Một người chơi đung đưa và thiếu một quả bóng chày,30053
7309159954.jpg,0,Một người đánh bóng bóng đá Mỹ sắp đá bóng đến đội tiếp nhận với phần còn lại của đội của mình đang chạy phía sau anh ta,30072
7309159954.jpg,1,Một người đánh bóng bóng đá với một chiếc áo trắng và đỏ sắp đặt một cú đá và đồng đội của mình đang đuổi theo sau quả bóng,30072
7309159954.jpg,2,Các cầu thủ bóng đá mặc đồng phục trắng đỏ và đen chạy xuống sân bằng đường yard,30072
7309159954.jpg,3,Một đội bóng đá chạy xuống sân với tiền vệ làm cho cú đá,30072
7309159954.jpg,4,Một đội bóng đá đang chạy khi người đá chạm bóng đá bằng chân,30072
7309432042.jpg,0,Ba người đàn ông với chiếc áo xanh cố gắng ghi bàn thắng trong bóng đá so với đội khác trong áo trắng và thủ môn của họ về màu xanh lá cây,30074
7309432042.jpg,1,Một sân bóng đá nơi thủ môn đang mặc một chiếc áo xanh vừa mới bắt bóng,30074
7309432042.jpg,2,Một thủ môn bắt quả bóng trong một trò chơi bóng đá trong một sân vận động với ghế trống,30074
7309432042.jpg,3,Một thủ môn bóng đá nhảy lên để cứu bóng khỏi mạng,30074
7309432042.jpg,4,Một thủ môn bóng đá trong không khí sau khi bắt bóng đá,30074
7393977570.jpg,0,Hai cầu thủ bóng đá nhảy lên không trung như một cầu thủ trên đội đối thủ di chuyển về phía họ,30172
7393977570.jpg,1,Hai cầu thủ phòng ngự nhảy lên không trung để chặn vượt qua tiền vệ,30172
7393977570.jpg,2,Các cầu thủ bóng đá đang ăn mừng như một thành viên nhóm đối lập,30172
7393977570.jpg,3,Các cầu thủ bóng đá đang chạy để có được bóng,30172
7393977570.jpg,4,Bốn cầu thủ bóng đá trẻ ở giữa chơi,30172
7589467042.jpg,0,Năm người đàn ông chơi một trò chơi bóng rổ cạnh tranh với người đàn ông trong chiếc xe tăng màu đen và quần short đen sở hữu bóng,30423
7589467042.jpg,1,Một thành viên của đội bóng rổ thanh niên Blue Devils kiểm soát một quả bóng trong một trò chơi chống lại các cuộc thập tự chinh,30423
7589467042.jpg,2,Một nhóm thanh thiếu niên trong một loạt các cơ động áo để kiểm soát một quả bóng rổ,30423
7589467042.jpg,3,Một số chàng trai đang chơi bóng rổ trên một toà án,30423
7589467042.jpg,4,Một trận bóng rổ giữa hai trường,30423
7600282242.jpg,0,Một người đàn ông mặc đồng phục trắng và đen đang cố gắng đánh bóng chày,30446
7600282242.jpg,1,Một cầu thủ bóng chày đang đung đưa vào một quả bóng chày được ném bởi một người ném bóng,30446
7600282242.jpg,2,Một cầu thủ bóng chày vung dơi của mình để đánh một quả bóng chày du lịch,30446
7600282242.jpg,3,Một người đánh bóng đang sẵn sàng để đánh bóng đến với anh ta,30446
7600282242.jpg,4,Một cầu thủ bóng chày đung đưa một con dơi tại một quả bóng sắp tới,30446
761000714.jpg,0,Một nhóm trẻ em hai đội riêng biệt xanh và đỏ chơi bóng đá,30461
761000714.jpg,1,Những đứa trẻ trẻ chơi bóng đá trên một cánh đồng tươi tốt xanh,30461
761000714.jpg,2,Năm đứa trẻ trẻ đuổi theo một quả bóng đá,30461
761000714.jpg,3,Năm đứa trẻ chơi bóng đá,30461
761000714.jpg,4,Những đứa trẻ chơi bóng đá,30461
7652712058.jpg,0,Một trò chơi bóng đá với đội áo sọc xanh cố gắng ghi bàn thắng so với đội áo đỏ khi đội áo đỏ bảo vệ,30520
7652712058.jpg,1,Một trò chơi bóng đá đang được tiến hành giữa đội màu đỏ và xanh và đội màu xanh,30520
7652712058.jpg,2,Hình ảnh một trận bóng đá từ Thế vận hội London,30520
7652712058.jpg,3,Một sân vận động gần như đầy đủ của mọi người đang xem một trận bóng đá,30520
7652712058.jpg,4,Cầu thủ bóng đá Olympic đang chơi một trận đấu,30520
7677915788.jpg,0,Một bàn thắng vừa được ghi trong một trận bóng đá giữa hai đội một đội mặc màu đỏ và người kia mặc màu vàng,30567
7677915788.jpg,1,Một cầu thủ trên Đội bóng đá đỏ vừa ghi bàn trong khi đội đối thủ đồng hồ bóng đi vào,30567
7677915788.jpg,2,Một vài cầu thủ bóng đá chăm chú theo dõi bóng và thủ môn,30567
7677915788.jpg,3,Một số cầu thủ bóng đá xem một thủ môn cố gắng bảo vệ một cú đá,30567
7677915788.jpg,4,Đàn ông chơi bóng đá trên một cánh đồng ngoài trời,30567
7700078440.jpg,0,Một thành viên của một đội bóng chuyền vừa gửi bóng chuyền qua mạng trong khi đội khác đang cố gắng chặn nó,30592
7700078440.jpg,1,Hai đội bóng chuyền đối mặt với nhau và một đội đang sẵn sàng để chặn hoặc tăng đột biến quả bóng,30592
7700078440.jpg,2,Hai đội bóng chuyền nữ đang cạnh tranh trong một trận đấu bóng chuyền với khán giả trong nền,30592
7700078440.jpg,3,Hai đội phụ nữ đều mặc đồng phục cạnh tranh với nhau trong một trò chơi bóng chuyền,30592
7700078440.jpg,4,Một trò chơi mãnh liệt của bóng chuyền nữ đang diễn ra trong nhà,30592
7700080224.jpg,0,Hai đội bóng chuyền của phụ nữ đang cạnh tranh với nhau trên sân cá hồi và màu ngọc lam trong khi trọng tài trong đồng hồ đen,30594
7700080224.jpg,1,Phụ nữ thi đấu trong một trận đấu bóng chuyền trong Thế vận hội London,30594
7700080224.jpg,2,Phụ nữ chơi bóng chuyền trong khi hai trọng tài quản lý trò chơi,30594
7700080224.jpg,3,Hai đội gái đang chơi bóng chuyền,30594
7700080224.jpg,4,Một số phụ nữ đang chơi bóng chuyền,30594
7754646766.jpg,0,Một người phụ nữ mặc đồng phục bóng rổ màu trắng và đỏ với số mười lăm trên ngực của cô chuẩn bị bắn một cú ném phạt,30691
7754646766.jpg,1,Một nữ cầu thủ bóng rổ châu Á đang xếp hàng để ném miễn phí vì những người chơi khác xem,30691
7754646766.jpg,2,Một người phụ nữ mặc đồng phục bóng rổ màu đỏ và trắng và số chuẩn bị bắn một cú ném phạt,30691
7754646766.jpg,3,Một cầu thủ bóng rổ duyên dáng đứng ở hai điểm khi cô ném bóng,30691
7754646766.jpg,4,Nữ cầu thủ bóng rổ bắn một cú ném miễn phí,30691
7754828606.jpg,0,Một cầu thủ bóng chuyền nam trong màu đỏ cố gắng một cú đánh vào hai người chặn trong màu xanh và trắng trong một trận đấu bóng chuyền trong nhà Olympic,30693
7754828606.jpg,1,Một người đàn ông sắp tăng vọt một quả bóng chuyền chống lại một đội đối nghịch trong Thế vận hội,30693
7754828606.jpg,2,Một người đàn ông với đôi chân cơ bắp đang đánh một quả bóng chuyền qua lưới,30693
7754828606.jpg,3,Người đàn ông nhảy lên trên đội khác để tăng vọt bóng,30693
7754828606.jpg,4,Đàn ông đang chơi bóng chuyền trong Thế vận hội,30693
7757250094.jpg,0,Người đánh bóng giữ cho ánh mắt của mình trên quả bóng trong quá trình theo dõi với trọng tài và người bắt nhìn theo dõi với người xem đang xem đằng sau một hàng rào liên kết chuỗi,30701
7757250094.jpg,1,Một cầu thủ bóng chày trẻ tuổi xem bóng đi máy bay ngay sau khi tiếp xúc,30701
7757250094.jpg,2,Tất cả mọi người xem khi cậu bé đánh bóng qua công viên,30701
7757250094.jpg,3,Một cầu thủ bóng chày vung dơi của mình để đánh một quả bóng chày,30701
7757250094.jpg,4,Người chơi bóng chày chơi một trò chơi tại công viên,30701
7764482932.jpg,0,Một cầu thủ bóng chuyền tóc vàng trong một chiếc áo và kính râm không tay màu xám Bumps một quả bóng chuyền màu xanh trắng và vàng trong khi đứng trên cát,30714
7764482932.jpg,1,Một chiếc kính râm của cầu thủ bóng chuyền cho thấy sự phản chiếu của bóng chuyền ở phía trước mặt,30714
7764482932.jpg,2,Tôi sẽ đập bạn vào đầu cho những gì bạn đã làm với tôi đêm qua,30714
7764482932.jpg,3,Một người phụ nữ tóc vàng chơi bóng chuyền vào một ngày nắng ở bãi biển,30714
7764482932.jpg,4,Một cô gái đang chơi bóng chuyền trên bãi biển,30714
7812612114.jpg,0,Một cầu thủ bóng đá trong một chiếc áo trắng đang rơi xuống đất khi người chơi mặc áo xanh lấy bóng,30793
7812612114.jpg,1,Hai cầu thủ bóng đá màu xanh lá cây cố gắng đảm bảo bóng đá từ một cầu thủ mặc đồ trắng,30793
7812612114.jpg,2,Hai đội bóng đá đang cạnh tranh ở một sân vận động rực rỡ chứa đầy người xem,30793
7812612114.jpg,3,Một trò chơi bóng đá nơi đội đối nghịch cố gắng lấy lại bóng,30793
7812612114.jpg,4,Những người đàn ông đang ở giữa một trò chơi bóng đá,30793
7863346994.jpg,0,Trên sân bóng rổ ngoài trời một người đàn ông nhảy về phía cái vòng với quả bóng trong khi một số người chơi khác nhìn vào,30843
7863346994.jpg,1,Năm người đàn ông nhìn vào một người đàn ông khác nhảy lúng túng trong khi cố gắng bắn một quả bóng rổ,30843
7863346994.jpg,2,Một người đàn ông đang nhảy với quả bóng trong tay trong một trận bóng rổ nhặt,30843
7863346994.jpg,3,Đàn ông chơi bóng rổ anh chàng với quả bóng đang cố một layup,30843
7863346994.jpg,4,Một nhóm đàn ông chơi bóng rổ trên sân ngoài trời,30843
7920471750.jpg,0,Một cầu thủ bóng chày đang trượt vào đĩa nhà trong khi người bắt cố gắng gắn thẻ anh ta và trọng tâm và đồng hồ đánh đập,30887
7920471750.jpg,1,Một người chạy đang trượt vào tấm nhà cố gắng tránh người chơi người chơi khác xem tại một trận bóng chày,30887
7920471750.jpg,2,Một người chơi trượt về nhà khi những người bắt gặp phải ngăn anh ta và những người cân nhắc gần gũi,30887
7920471750.jpg,3,Một trọng tài đã sẵn sàng để thực hiện một cuộc gọi gần gũi trong một trò chơi bóng chày,30887
7920471750.jpg,4,Một chiếc đồng hồ Umpire như một cầu thủ bóng chày trượt về nhà,30887
7958174552.jpg,0,Hai người đàn ông mặc đồng phục và xe lăn đang tiếp cận một quả bóng trắng trên sân bóng rổ,30920
7958174552.jpg,1,Hai đội đang cạnh tranh tại bóng rổ lăn trong khi ngồi trong ghế đặc sản,30920
7958174552.jpg,2,Trong Thế vận hội đặc biệt đội bóng chuyền Canada đang bắn cho một chiến thắng,30920
7958174552.jpg,3,Những người đàn ông thách thức về thể chất trong xe lăn tham gia vào một sự kiện thể thao,30920
7958174552.jpg,4,Hai thành viên của một đội bóng rổ xe lăn cạnh tranh trong tip,30920
8040947572.jpg,0,Một cầu thủ bóng đá trong bộ đồng phục màu đỏ và đen mang số và một chiếc mũ bảo hiểm màu đen đang mang bóng và được bao quanh bởi những người chơi đối nghịch mặc đồng phục Pikesville màu trắng và tím,31025
8040947572.jpg,1,Một cầu thủ bóng đá trong một chiếc áo đỏ và đen đang cố gắng điều hành bóng đá xuống sân trong khi một nhóm người chơi mặc áo tím và trắng cố gắng ngăn chặn anh ta,31025
8040947572.jpg,2,Một đội bóng đá mặc màu tím và trắng cố gắng ngăn chặn người chạy bộ với quả bóng,31025
8040947572.jpg,3,Một nhóm các cầu thủ bóng đá cố gắng giải quyết một người chơi khác,31025
8040947572.jpg,4,Đội bóng đá chăm chỉ trong công việc,31025
8052575239.jpg,0,Hàng trăm người đang xem một trận bóng đá giữa một đội mặc áo xanh và một đội mặc áo xanh,31046
8052575239.jpg,1,Một quả bóng đá vừa được đá bởi một đội mặc đồng phục màu đen,31046
8052575239.jpg,2,Một đám đông xem hai đội chơi một trò chơi trên một cánh đồng,31046
8052575239.jpg,3,Đàn ông đang chơi sân bóng đá,31046
8052575239.jpg,4,Một trò chơi bóng đá hoặc một trò chơi bóng đá,31046
8112722587.jpg,0,Một người đàn ông mặc quần áo tennis màu xanh và niềng áo polo trắng để đánh bóng tennis,31125
8112722587.jpg,1,Một người chơi tennis bị nhốt trên quả bóng tennis bằng vợt và mắt,31125
8112722587.jpg,2,Một người đàn ông trung niên sắp đâm một quả bóng tennis bằng vợt của mình,31125
8112722587.jpg,3,Một người chơi tennis cố gắng một cú đánh trái vào,31125
8112722587.jpg,4,Một người đàn ông mặc áo sơ mi trắng đang chơi tennis,31125
8112734986.jpg,0,Một người chơi tennis trong những chiếc quần short màu xanh và một chiếc áo sơ mi trắng làm cho một cú hống hách mạnh về phía quả bóng tennis,31126
8112734986.jpg,1,Một trận đấu quần vợt của đàn ông trên Blue Court cho thấy cầu thủ một cách hoàn hảo bắt và trả lại bóng,31126
8112734986.jpg,2,Một người chơi tennis chuyên nghiệp trở lại một cú sút với một bàn tay trở lại từ không có đất của người đàn ông,31126
8112734986.jpg,3,Một người chơi tennis trả lại một phục vụ trở lại đối thủ của mình,31126
8112734986.jpg,4,Hai người đàn ông chơi tennis một người đang đánh bóng,31126
8127485677.jpg,0,Hai cô gái trên một cánh đồng đang chạy và sắp đi đến bóng đá để đá nó trong khi một cô gái khác đang chạy theo hướng của họ từ phía sau khi người hâm mộ đang xem tất cả từ khán đài,31141
8127485677.jpg,1,Đội bóng đá nữ xanh và trắng so với đội màu đỏ và trắng có vẻ mạnh mẽ,31141
8127485677.jpg,2,Hai cầu thủ bóng đá chiến đấu với sở hữu bóng đá,31141
8127485677.jpg,3,Hai cô gái đang chơi bóng đá và chiến đấu cho quả bóng,31141
8127485677.jpg,4,Hai cầu thủ bóng đá đang cạnh tranh cho quả bóng,31141
8188882833.jpg,0,Hai người chơi bóng chuyền nam trong bộ đồng phục màu xanh nhạt tăng vọt bóng qua lưới trong một trận đấu bóng chuyền của đàn ông,31224
8188882833.jpg,1,Đội Black sắp mất chức vô địch so với đội màu xanh,31224
8188882833.jpg,2,Hai người chơi bóng chuyền nam đi cho bóng,31224
8188882833.jpg,3,Tại sao người đàn ông trưởng thành chơi bóng chuyền,31224
8188882833.jpg,4,Đàn ông chơi bóng chuyền trong nhà,31224
8198726446.jpg,0,Bốn con đực hai đồng phục trắng Hai đồng phục kia mặc đồng phục màu đen đang lơ lửng quanh người đàn ông Mỹ gốc Phi người vừa nhảy lên không trung để thực hiện cú sút của mình với bóng rổ,31234
8198726446.jpg,1,Một trò chơi bóng rổ với người chơi mặc đồng phục màu đen sắp ghi vào khi được bao quanh bởi những người chơi màu trắng,31234
8198726446.jpg,2,Một cầu thủ bóng rổ lái đến hoop để được layup,31234
8198726446.jpg,3,Một người đàn ông đang đi để một dunk trong một trò chơi bóng rổ,31234
8198726446.jpg,4,Một cầu thủ bóng rổ đi tìm một layup,31234
8211471228.jpg,0,Một cầu thủ bóng rổ tiếp cận mạng trong không khí trong một nỗ lực để thực hiện một slam dunk trên phạm vi của đối thủ của mình,31243
8211471228.jpg,1,Trong một trò chơi bóng rổ một cầu thủ sắp dunk trong khi phe đối lập làm những gì anh ta có thể chặn nó,31243
8211471228.jpg,2,Một cầu thủ bóng rổ nhảy để làm cho giỏ như một người chơi đội đối thủ nhảy để cố gắng chặn,31243
8211471228.jpg,3,Hai cầu thủ bóng rổ nhảy lên không trung vì một người sắp làm một dunk slam,31243
8211471228.jpg,4,Một số người đàn ông đang chơi bóng rổ tại một phòng tập thể dục trung học,31243
8218123217.jpg,0,Ở giữa một trò chơi bóng đá với Quan đông Greenbay ném bóng đá,31252
8218123217.jpg,1,Aaron Rodgers ném một đường chuyền trong một trận bóng đá chống lại Hồng y Arizona,31252
8218123217.jpg,2,Một cầu thủ bóng đá cho The Green Bay Packers ném bóng đá trong một trận đấu,31252
8218123217.jpg,3,Một cầu thủ bóng đá ném bóng khi các cầu thủ bóng đá khác nhìn vào,31252
8218123217.jpg,4,Aaron Rodgers ném bóng đá trong một trò chơi,31252
8234387593.jpg,0,Một người chơi trong bộ đồng phục trắng và đỏ đi cho một layup trong khi người chơi có đồng phục màu đỏ và đen chặn cú sút thử,31265
8234387593.jpg,1,cầu thủ bóng rổ Vying cho bóng và một trong áo đỏ đang cố gắng lấy bóng từ chàng mặc áo trắng,31265
8234387593.jpg,2,Bốn chàng trai trắng chơi bóng rổ và trông giống như chiếc áo trắng sắp xếp điểm trên chiếc áo đỏ,31265
8234387593.jpg,3,Hai thanh niên chơi bóng rổ người ta bảo vệ người kia cố gắng làm một cái giỏ,31265
8234387593.jpg,4,Hai thanh niên một trong một chiếc áo trắng và một trong áo đỏ chơi bóng rổ,31265
8245313425.jpg,0,Hai cầu thủ bóng rổ trên các đội đối lập một màu trắng một trong màu đỏ là trò chơi giữa chạy xuống toà án cầu thủ đồng phục trắng với bóng trong tay,31283
8245313425.jpg,1,Một cầu thủ bóng rổ chuẩn bị thực hiện một cú ném trong khi đối thủ của anh ta bảo vệ,31283
8245313425.jpg,2,người chơi bóng rổ cả hai giữa không trung,31283
8245313425.jpg,3,Hai đội bóng rổ đại học dupping nó ra,31283
8245313425.jpg,4,Hai cầu thủ bóng rổ trong hành động,31283
8245366095.jpg,0,Một cầu thủ bóng rổ nữ trong một chiếc áo trắng đang trong quá trình thực hiện một động thái với quả bóng xung quanh một cầu thủ đối nghịch trong một chiếc áo xanh,31284
8245366095.jpg,1,Một trò chơi bóng rổ nữ với cô gái trong thời gian trắng rê bóng bóng với các cô gái mặc đồ đen,31284
8245366095.jpg,2,Một trò chơi bóng rổ nữ đang diễn ra đội màu trắng có bóng với đội đối phương mặc màu xanh,31284
8245366095.jpg,3,Một cô gái chạy với một quả bóng rổ trong khi một người khác cố gắng đánh cắp bóng từ cô,31284
8245366095.jpg,4,Một cô gái có bóng trong một trò chơi bóng rổ,31284
944374205.jpg,0,Những đứa trẻ ăn mặc tương tự đang chơi bóng đá trong một cánh đồng rocky trước một toà nhà,31620
944374205.jpg,1,Một nhóm các chàng trai chơi bóng đá trên cỏ trong khi người khác nhìn xuống từ một tảng đá,31620
944374205.jpg,2,Một nhóm các chàng trai trẻ đang chơi bóng đá trước một ngọn đồi nhỏ,31620
944374205.jpg,3,Tám con trai chơi bóng đá trên cỏ,31620
944374205.jpg,4,Trẻ em chơi bóng đá trong một lĩnh vực,31620
